﻿URL,Title,Description,"Last Modified",Status,Type,Relationship,Error,"Local File",Distance,Depth,"Redirects To"
https://bastienlaw.com,,,,Processed,text/html,,,,2,0,
https://blog.noclocks.dev,,,,Processed,text/html,Child,,,1,0,
https://brandfetch.com/noclocks.dev,,,,Processed,text/html,,,,1,0,
https://docs.noclocks.dev/legal/privacy-policy/privacy-policy.html,,,,Processed,text/html,Child,,,1,2,
https://github.com/jimbrig,,,,Processed,text/html,,,,2,1,
https://github.com/noclocks,,,,Processed,text/html,,,,1,1,
https://github.com/phoward38,,,,Processed,text/html,,,,2,1,
https://lakecountryhuntclub.com,,,,Processed,text/html,,,,2,0,
https://medium.noclocks.dev,,,,Processed,text/html,Child,,,1,0,
https://microbe.com,,,,Processed,text/html,,,,2,0,
https://testimonials.noclocks.dev,,,,Processed,text/html,Child,,,1,0,
https://www.b12.io/ai-web-design/?utm_source=client&utm_medium=footer&utm_campaign=ai-web-design,,,,Processed,text/html,,,,1,1,
https://www.dignitymemorial.com/obituaries/atlanta-ga/shane-connolly-10069160,,,,Processed,text/html,,,,2,3,
https://www.google.com/maps/place/2161+Peachtree+Rd+NE+Atlanta+Georgia+30309+USA,,,,Processed,text/html,,,,1,3,
https://www.googletagmanager.com/ns.html?id=GTM-P4WJRGTQ,,,,Processed,text/html,,,,1,0,
https://www.linkedin.com/company/noclocks,,,,Processed,text/html,,,,0,2,
https://www.linkedin.com/in/phoward38,,,,Processed,text/html,,,,2,2,
https://www.saintjude.net/Support/Donate,,,,Processed,text/html,,,,2,2,
https://www.saintjude.net/Support/Opportunities,,,,Processed,text/html,,,,2,2,
